id,type,engagement_id,invoice_id,vendor_id,invoice_date,amount,currency,po_id,receipt_id,status
eng-001:INV-ANCHOR-001,invoice,eng-001,INV-ANCHOR-001,VEN-1000,2025-08-12T00:00:00Z,4875.33,USD,PO-8123,RCPT-9451,Paid
eng-001:INV-ANCHOR-002,invoice,eng-001,INV-ANCHOR-002,VEN-1000,2025-08-14T00:00:00Z,4875.33,USD,PO-8123,RCPT-9451,Paid
eng-001:INV-ANCHOR-NOPO,invoice,eng-001,INV-ANCHOR-NOPO,VEN-1001,2025-09-05T00:00:00Z,9900.0,USD,,,Paid
eng-001:INV-7000,invoice,eng-001,INV-7000,VEN-1027,2025-07-21T00:00:00Z,199.99,USD,,,Paid
eng-001:INV-7001,invoice,eng-001,INV-7001,VEN-1032,2025-07-23T00:00:00Z,199.99,USD,,RCPT-9654,Open
eng-001:INV-7002,invoice,eng-001,INV-7002,VEN-1009,2025-08-17T00:00:00Z,487.5,USD,PO-8797,,Open
eng-001:INV-7003,invoice,eng-001,INV-7003,VEN-1038,2025-08-11T00:00:00Z,199.99,USD,PO-8371,,Paid
eng-001:INV-7004,invoice,eng-001,INV-7004,VEN-1015,2025-07-08T00:00:00Z,5050.0,USD,,RCPT-9497,Open
eng-001:INV-7005,invoice,eng-001,INV-7005,VEN-1048,2025-09-07T00:00:00Z,487.5,USD,PO-8486,,Open
eng-001:INV-7006,invoice,eng-001,INV-7006,VEN-1016,2025-09-06T00:00:00Z,5050.0,USD,PO-8216,,Open
eng-001:INV-7007,invoice,eng-001,INV-7007,VEN-1045,2025-08-09T00:00:00Z,9900.0,USD,PO-8448,,Paid
eng-001:INV-7008,invoice,eng-001,INV-7008,VEN-1007,2025-08-01T00:00:00Z,199.99,USD,PO-8602,RCPT-9602,Open
eng-001:INV-7009,invoice,eng-001,INV-7009,VEN-1000,2025-07-10T00:00:00Z,9900.0,USD,PO-8069,,Paid
eng-001:INV-7010,invoice,eng-001,INV-7010,VEN-1004,2025-09-04T00:00:00Z,1250.0,USD,PO-8219,RCPT-9740,Paid
eng-001:INV-7011,invoice,eng-001,INV-7011,VEN-1015,2025-08-30T00:00:00Z,4999.99,USD,PO-8099,RCPT-9362,Paid
eng-001:INV-7012,invoice,eng-001,INV-7012,VEN-1026,2025-08-29T00:00:00Z,9900.0,USD,PO-8669,,Open
eng-001:INV-7013,invoice,eng-001,INV-7013,VEN-1003,2025-08-21T00:00:00Z,1250.0,USD,,RCPT-9196,Open
eng-001:INV-7014,invoice,eng-001,INV-7014,VEN-1034,2025-08-27T00:00:00Z,4999.99,USD,PO-8473,RCPT-9945,Open
eng-001:INV-7015,invoice,eng-001,INV-7015,VEN-1028,2025-09-09T00:00:00Z,199.99,USD,PO-8553,,Open
eng-001:INV-7016,invoice,eng-001,INV-7016,VEN-1048,2025-07-31T00:00:00Z,4999.99,USD,PO-8218,,Open
eng-001:INV-7017,invoice,eng-001,INV-7017,VEN-1010,2025-08-18T00:00:00Z,4999.99,USD,PO-8802,,Paid
eng-001:INV-7018,invoice,eng-001,INV-7018,VEN-1027,2025-09-28T00:00:00Z,12268.0,USD,PO-8735,RCPT-9194,Paid
eng-001:INV-7019,invoice,eng-001,INV-7019,VEN-1013,2025-07-08T00:00:00Z,9900.0,USD,PO-8765,RCPT-9051,Paid
eng-001:INV-7020,invoice,eng-001,INV-7020,VEN-1032,2025-09-06T00:00:00Z,199.99,USD,,RCPT-9190,Open
eng-001:INV-7021,invoice,eng-001,INV-7021,VEN-1038,2025-07-09T00:00:00Z,11362.0,USD,PO-8122,,Open
eng-001:INV-7022,invoice,eng-001,INV-7022,VEN-1037,2025-09-15T00:00:00Z,5050.0,USD,PO-8673,RCPT-9535,Paid
eng-001:INV-7023,invoice,eng-001,INV-7023,VEN-1016,2025-07-27T00:00:00Z,9900.0,USD,PO-8271,RCPT-9687,Paid
eng-001:INV-7024,invoice,eng-001,INV-7024,VEN-1029,2025-08-10T00:00:00Z,199.99,USD,PO-8636,,Open
eng-001:INV-7025,invoice,eng-001,INV-7025,VEN-1004,2025-09-07T00:00:00Z,5050.0,USD,PO-8955,RCPT-9070,Open
eng-001:INV-7026,invoice,eng-001,INV-7026,VEN-1023,2025-08-06T00:00:00Z,4999.99,USD,,,Open
eng-001:INV-7027,invoice,eng-001,INV-7027,VEN-1042,2025-09-09T00:00:00Z,9900.0,USD,PO-8899,RCPT-9118,Open
eng-001:INV-7028,invoice,eng-001,INV-7028,VEN-1047,2025-09-09T00:00:00Z,1250.0,USD,PO-8215,,Open
eng-001:INV-7029,invoice,eng-001,INV-7029,VEN-1043,2025-09-20T00:00:00Z,1250.0,USD,PO-8257,,Open
eng-001:INV-7030,invoice,eng-001,INV-7030,VEN-1005,2025-09-20T00:00:00Z,7239.0,USD,PO-8003,RCPT-9133,Paid
eng-001:INV-7031,invoice,eng-001,INV-7031,VEN-1010,2025-08-26T00:00:00Z,9900.0,USD,PO-8009,RCPT-9967,Open
eng-001:INV-7032,invoice,eng-001,INV-7032,VEN-1034,2025-07-05T00:00:00Z,1250.0,USD,PO-8151,RCPT-9042,Paid
eng-001:INV-7033,invoice,eng-001,INV-7033,VEN-1023,2025-07-06T00:00:00Z,487.5,USD,PO-8682,RCPT-9798,Paid
eng-001:INV-7034,invoice,eng-001,INV-7034,VEN-1039,2025-07-20T00:00:00Z,4178.0,USD,PO-8819,,Paid
eng-001:INV-7035,invoice,eng-001,INV-7035,VEN-1001,2025-07-23T00:00:00Z,1250.0,USD,,RCPT-9685,Open
eng-001:INV-7036,invoice,eng-001,INV-7036,VEN-1017,2025-07-21T00:00:00Z,9900.0,USD,PO-8893,RCPT-9481,Open
eng-001:INV-7037,invoice,eng-001,INV-7037,VEN-1012,2025-08-28T00:00:00Z,1250.0,USD,,,Open
eng-001:INV-7038,invoice,eng-001,INV-7038,VEN-1001,2025-09-23T00:00:00Z,4999.99,USD,PO-8885,RCPT-9791,Paid
eng-001:INV-7039,invoice,eng-001,INV-7039,VEN-1022,2025-09-21T00:00:00Z,4999.99,USD,PO-8863,RCPT-9961,Open
eng-001:INV-7040,invoice,eng-001,INV-7040,VEN-1007,2025-08-03T00:00:00Z,5050.0,USD,,RCPT-9111,Paid
eng-001:INV-7041,invoice,eng-001,INV-7041,VEN-1022,2025-08-10T00:00:00Z,5050.0,USD,,RCPT-9921,Open
eng-001:INV-7042,invoice,eng-001,INV-7042,VEN-1016,2025-07-06T00:00:00Z,4999.99,USD,PO-8947,,Open
eng-001:INV-7043,invoice,eng-001,INV-7043,VEN-1023,2025-08-25T00:00:00Z,9900.0,USD,,RCPT-9679,Open
eng-001:INV-7044,invoice,eng-001,INV-7044,VEN-1046,2025-08-08T00:00:00Z,1250.0,USD,PO-8334,RCPT-9302,Open
eng-001:INV-7045,invoice,eng-001,INV-7045,VEN-1012,2025-08-23T00:00:00Z,4999.99,USD,PO-8924,RCPT-9582,Paid
eng-001:INV-7046,invoice,eng-001,INV-7046,VEN-1025,2025-09-09T00:00:00Z,199.99,USD,PO-8215,RCPT-9593,Paid
eng-001:INV-7047,invoice,eng-001,INV-7047,VEN-1029,2025-08-26T00:00:00Z,9900.0,USD,PO-8484,,Open
eng-001:INV-7048,invoice,eng-001,INV-7048,VEN-1042,2025-07-11T00:00:00Z,5050.0,USD,PO-8634,RCPT-9838,Open
eng-001:INV-7049,invoice,eng-001,INV-7049,VEN-1043,2025-08-09T00:00:00Z,3980.0,USD,PO-8025,RCPT-9486,Open
eng-001:INV-7050,invoice,eng-001,INV-7050,VEN-1029,2025-08-23T00:00:00Z,9900.0,USD,PO-8735,RCPT-9506,Paid
eng-001:INV-7051,invoice,eng-001,INV-7051,VEN-1015,2025-07-19T00:00:00Z,9900.0,USD,PO-8768,,Open
eng-001:INV-7052,invoice,eng-001,INV-7052,VEN-1049,2025-08-24T00:00:00Z,487.5,USD,,RCPT-9475,Open
eng-001:INV-7053,invoice,eng-001,INV-7053,VEN-1035,2025-08-01T00:00:00Z,199.99,USD,PO-8820,RCPT-9543,Paid
eng-001:INV-7054,invoice,eng-001,INV-7054,VEN-1048,2025-08-26T00:00:00Z,10337.0,USD,PO-8516,RCPT-9928,Paid
eng-001:INV-7055,invoice,eng-001,INV-7055,VEN-1010,2025-08-30T00:00:00Z,1250.0,USD,,,Paid
eng-001:INV-7056,invoice,eng-001,INV-7056,VEN-1049,2025-09-05T00:00:00Z,9900.0,USD,PO-8450,RCPT-9292,Open
eng-001:INV-7057,invoice,eng-001,INV-7057,VEN-1017,2025-08-12T00:00:00Z,5050.0,USD,PO-8154,RCPT-9710,Open
eng-001:INV-7058,invoice,eng-001,INV-7058,VEN-1045,2025-07-28T00:00:00Z,4999.99,USD,PO-8555,RCPT-9063,Open
eng-001:INV-7059,invoice,eng-001,INV-7059,VEN-1026,2025-08-19T00:00:00Z,5050.0,USD,,RCPT-9901,Paid
eng-001:INV-7060,invoice,eng-001,INV-7060,VEN-1030,2025-07-01T00:00:00Z,1250.0,USD,,,Paid
eng-001:INV-7061,invoice,eng-001,INV-7061,VEN-1034,2025-09-08T00:00:00Z,5050.0,USD,,RCPT-9279,Paid
eng-001:INV-7062,invoice,eng-001,INV-7062,VEN-1031,2025-07-04T00:00:00Z,1250.0,USD,PO-8817,RCPT-9169,Paid
eng-001:INV-7063,invoice,eng-001,INV-7063,VEN-1008,2025-09-18T00:00:00Z,199.99,USD,,RCPT-9678,Open
eng-001:INV-7064,invoice,eng-001,INV-7064,VEN-1005,2025-09-21T00:00:00Z,487.5,USD,,RCPT-9266,Paid
eng-001:INV-7065,invoice,eng-001,INV-7065,VEN-1020,2025-07-28T00:00:00Z,1250.0,USD,PO-8900,RCPT-9770,Paid
eng-001:INV-7066,invoice,eng-001,INV-7066,VEN-1016,2025-07-11T00:00:00Z,199.99,USD,PO-8053,,Paid
eng-001:INV-7067,invoice,eng-001,INV-7067,VEN-1014,2025-09-22T00:00:00Z,1424.0,USD,,RCPT-9031,Open
eng-001:INV-7068,invoice,eng-001,INV-7068,VEN-1012,2025-07-03T00:00:00Z,487.5,USD,PO-8484,RCPT-9577,Open
eng-001:INV-7069,invoice,eng-001,INV-7069,VEN-1029,2025-09-28T00:00:00Z,4498.0,USD,PO-8620,RCPT-9765,Open
eng-001:INV-7070,invoice,eng-001,INV-7070,VEN-1049,2025-07-21T00:00:00Z,199.99,USD,PO-8951,RCPT-9693,Paid
eng-001:INV-7071,invoice,eng-001,INV-7071,VEN-1025,2025-09-30T00:00:00Z,199.99,USD,PO-8850,RCPT-9104,Paid
eng-001:INV-7072,invoice,eng-001,INV-7072,VEN-1043,2025-09-15T00:00:00Z,199.99,USD,,RCPT-9042,Paid
eng-001:INV-7073,invoice,eng-001,INV-7073,VEN-1034,2025-08-24T00:00:00Z,1250.0,USD,PO-8663,RCPT-9869,Paid
eng-001:INV-7074,invoice,eng-001,INV-7074,VEN-1031,2025-07-14T00:00:00Z,1250.0,USD,PO-8848,RCPT-9156,Paid
eng-001:INV-7075,invoice,eng-001,INV-7075,VEN-1011,2025-09-05T00:00:00Z,1250.0,USD,PO-8941,RCPT-9495,Paid
eng-001:INV-7076,invoice,eng-001,INV-7076,VEN-1027,2025-09-14T00:00:00Z,1250.0,USD,,,Open
eng-001:INV-7077,invoice,eng-001,INV-7077,VEN-1017,2025-08-27T00:00:00Z,4295.0,USD,PO-8624,RCPT-9344,Open
eng-001:INV-7078,invoice,eng-001,INV-7078,VEN-1031,2025-08-11T00:00:00Z,4999.99,USD,PO-8816,RCPT-9286,Paid
eng-001:INV-7079,invoice,eng-001,INV-7079,VEN-1035,2025-07-02T00:00:00Z,487.5,USD,PO-8737,RCPT-9568,Open
eng-001:INV-7080,invoice,eng-001,INV-7080,VEN-1044,2025-08-30T00:00:00Z,9900.0,USD,PO-8811,RCPT-9301,Open
eng-001:INV-7081,invoice,eng-001,INV-7081,VEN-1025,2025-09-27T00:00:00Z,1250.0,USD,PO-8377,RCPT-9543,Paid
eng-001:INV-7082,invoice,eng-001,INV-7082,VEN-1027,2025-09-09T00:00:00Z,1250.0,USD,PO-8277,RCPT-9236,Open
eng-001:INV-7083,invoice,eng-001,INV-7083,VEN-1046,2025-07-25T00:00:00Z,199.99,USD,PO-8973,,Open
eng-001:INV-7084,invoice,eng-001,INV-7084,VEN-1012,2025-07-28T00:00:00Z,4999.99,USD,PO-8603,,Paid
eng-001:INV-7085,invoice,eng-001,INV-7085,VEN-1006,2025-07-25T00:00:00Z,487.5,USD,PO-8309,RCPT-9546,Open
eng-001:INV-7086,invoice,eng-001,INV-7086,VEN-1017,2025-07-06T00:00:00Z,5050.0,USD,PO-8966,RCPT-9889,Paid
eng-001:INV-7087,invoice,eng-001,INV-7087,VEN-1006,2025-07-02T00:00:00Z,1250.0,USD,PO-8451,RCPT-9988,Open
eng-001:INV-7088,invoice,eng-001,INV-7088,VEN-1016,2025-08-31T00:00:00Z,2169.0,USD,PO-8503,RCPT-9644,Open
eng-001:INV-7089,invoice,eng-001,INV-7089,VEN-1009,2025-07-20T00:00:00Z,5050.0,USD,,RCPT-9254,Open
eng-001:INV-7090,invoice,eng-001,INV-7090,VEN-1035,2025-08-23T00:00:00Z,5050.0,USD,,RCPT-9535,Paid
eng-001:INV-7091,invoice,eng-001,INV-7091,VEN-1028,2025-08-26T00:00:00Z,5171.0,USD,PO-8439,RCPT-9635,Open
eng-001:INV-7092,invoice,eng-001,INV-7092,VEN-1039,2025-07-13T00:00:00Z,487.5,USD,PO-8270,RCPT-9160,Open
eng-001:INV-7093,invoice,eng-001,INV-7093,VEN-1011,2025-09-09T00:00:00Z,487.5,USD,PO-8461,RCPT-9481,Paid
eng-001:INV-7094,invoice,eng-001,INV-7094,VEN-1002,2025-07-30T00:00:00Z,9900.0,USD,PO-8880,RCPT-9703,Open
eng-001:INV-7095,invoice,eng-001,INV-7095,VEN-1016,2025-09-19T00:00:00Z,9900.0,USD,,RCPT-9117,Open
eng-001:INV-7096,invoice,eng-001,INV-7096,VEN-1041,2025-07-20T00:00:00Z,4652.0,USD,PO-8061,RCPT-9314,Paid
eng-001:INV-7097,invoice,eng-001,INV-7097,VEN-1028,2025-07-16T00:00:00Z,9900.0,USD,PO-8412,,Paid
eng-001:INV-7098,invoice,eng-001,INV-7098,VEN-1028,2025-07-11T00:00:00Z,199.99,USD,,,Paid
eng-001:INV-7099,invoice,eng-001,INV-7099,VEN-1001,2025-07-12T00:00:00Z,9900.0,USD,,RCPT-9973,Open
eng-001:INV-7100,invoice,eng-001,INV-7100,VEN-1048,2025-09-25T00:00:00Z,1250.0,USD,PO-8781,,Paid
eng-001:INV-7101,invoice,eng-001,INV-7101,VEN-1033,2025-09-22T00:00:00Z,1250.0,USD,PO-8599,RCPT-9833,Paid
eng-001:INV-7102,invoice,eng-001,INV-7102,VEN-1005,2025-08-30T00:00:00Z,4999.99,USD,PO-8686,RCPT-9164,Paid
eng-001:INV-7103,invoice,eng-001,INV-7103,VEN-1026,2025-09-27T00:00:00Z,1250.0,USD,PO-8410,,Open
eng-001:INV-7104,invoice,eng-001,INV-7104,VEN-1029,2025-07-12T00:00:00Z,1250.0,USD,PO-8993,,Open
eng-001:INV-7105,invoice,eng-001,INV-7105,VEN-1042,2025-09-08T00:00:00Z,4999.99,USD,PO-8530,RCPT-9774,Paid
eng-001:INV-7106,invoice,eng-001,INV-7106,VEN-1040,2025-08-26T00:00:00Z,199.99,USD,PO-8562,RCPT-9294,Paid
eng-001:INV-7107,invoice,eng-001,INV-7107,VEN-1044,2025-09-01T00:00:00Z,199.99,USD,,RCPT-9245,Open
eng-001:INV-7108,invoice,eng-001,INV-7108,VEN-1019,2025-09-09T00:00:00Z,5050.0,USD,PO-8230,,Open
eng-001:INV-7109,invoice,eng-001,INV-7109,VEN-1029,2025-07-16T00:00:00Z,10912.0,USD,PO-8955,,Paid
eng-001:INV-7110,invoice,eng-001,INV-7110,VEN-1026,2025-08-31T00:00:00Z,487.5,USD,PO-8148,RCPT-9943,Open
eng-001:INV-7111,invoice,eng-001,INV-7111,VEN-1004,2025-08-05T00:00:00Z,12959.0,USD,,RCPT-9806,Paid
eng-001:INV-7112,invoice,eng-001,INV-7112,VEN-1000,2025-08-06T00:00:00Z,1250.0,USD,,RCPT-9675,Paid
eng-001:INV-7113,invoice,eng-001,INV-7113,VEN-1009,2025-08-27T00:00:00Z,4999.99,USD,PO-8565,,Paid
eng-001:INV-7114,invoice,eng-001,INV-7114,VEN-1029,2025-08-11T00:00:00Z,487.5,USD,,RCPT-9392,Open
eng-001:INV-7115,invoice,eng-001,INV-7115,VEN-1049,2025-08-22T00:00:00Z,1250.0,USD,PO-8722,,Paid
eng-001:INV-7116,invoice,eng-001,INV-7116,VEN-1024,2025-09-23T00:00:00Z,13282.0,USD,PO-8155,RCPT-9037,Open
eng-001:INV-7117,invoice,eng-001,INV-7117,VEN-1032,2025-09-14T00:00:00Z,5739.0,USD,PO-8865,RCPT-9538,Paid
eng-001:INV-7118,invoice,eng-001,INV-7118,VEN-1000,2025-10-01T00:00:00Z,4999.99,USD,,,Open
eng-001:INV-7119,invoice,eng-001,INV-7119,VEN-1030,2025-08-03T00:00:00Z,5050.0,USD,PO-8665,RCPT-9336,Paid
eng-001:INV-7120,invoice,eng-001,INV-7120,VEN-1020,2025-09-19T00:00:00Z,12075.0,USD,PO-8554,RCPT-9070,Open
eng-001:INV-7121,invoice,eng-001,INV-7121,VEN-1040,2025-09-26T00:00:00Z,487.5,USD,PO-8444,,Open
eng-001:INV-7122,invoice,eng-001,INV-7122,VEN-1028,2025-07-22T00:00:00Z,1250.0,USD,,RCPT-9815,Open
eng-001:INV-7123,invoice,eng-001,INV-7123,VEN-1018,2025-08-15T00:00:00Z,4999.99,USD,PO-8543,RCPT-9698,Open
eng-001:INV-7124,invoice,eng-001,INV-7124,VEN-1010,2025-07-23T00:00:00Z,5050.0,USD,,RCPT-9246,Paid
eng-001:INV-7125,invoice,eng-001,INV-7125,VEN-1037,2025-07-19T00:00:00Z,4999.99,USD,PO-8470,RCPT-9009,Paid
eng-001:INV-7126,invoice,eng-001,INV-7126,VEN-1018,2025-09-25T00:00:00Z,487.5,USD,PO-8967,RCPT-9601,Paid
eng-001:INV-7127,invoice,eng-001,INV-7127,VEN-1040,2025-08-24T00:00:00Z,1250.0,USD,PO-8309,RCPT-9393,Paid
eng-001:INV-7128,invoice,eng-001,INV-7128,VEN-1006,2025-07-31T00:00:00Z,5050.0,USD,PO-8302,,Paid
eng-001:INV-7129,invoice,eng-001,INV-7129,VEN-1001,2025-09-23T00:00:00Z,1250.0,USD,PO-8885,RCPT-9762,Open
eng-001:INV-7130,invoice,eng-001,INV-7130,VEN-1038,2025-09-02T00:00:00Z,1250.0,USD,,RCPT-9821,Paid
eng-001:INV-7131,invoice,eng-001,INV-7131,VEN-1014,2025-09-20T00:00:00Z,5050.0,USD,PO-8773,,Open
eng-001:INV-7132,invoice,eng-001,INV-7132,VEN-1040,2025-07-13T00:00:00Z,9900.0,USD,PO-8807,RCPT-9593,Paid
eng-001:INV-7133,invoice,eng-001,INV-7133,VEN-1046,2025-07-17T00:00:00Z,1250.0,USD,PO-8425,RCPT-9135,Paid
eng-001:INV-7134,invoice,eng-001,INV-7134,VEN-1033,2025-09-03T00:00:00Z,4765.0,USD,PO-8935,,Paid
eng-001:INV-7135,invoice,eng-001,INV-7135,VEN-1018,2025-08-13T00:00:00Z,199.99,USD,PO-8077,RCPT-9989,Open
eng-001:INV-7136,invoice,eng-001,INV-7136,VEN-1043,2025-10-01T00:00:00Z,4999.99,USD,,,Paid
eng-001:INV-7137,invoice,eng-001,INV-7137,VEN-1005,2025-08-20T00:00:00Z,1250.0,USD,PO-8465,RCPT-9766,Paid
eng-001:INV-7138,invoice,eng-001,INV-7138,VEN-1037,2025-08-18T00:00:00Z,9900.0,USD,,RCPT-9239,Paid
eng-001:INV-7139,invoice,eng-001,INV-7139,VEN-1001,2025-09-18T00:00:00Z,5050.0,USD,PO-8624,RCPT-9064,Paid
eng-001:INV-7140,invoice,eng-001,INV-7140,VEN-1044,2025-08-08T00:00:00Z,4999.99,USD,PO-8046,,Paid
eng-001:INV-7141,invoice,eng-001,INV-7141,VEN-1031,2025-07-15T00:00:00Z,487.5,USD,,RCPT-9464,Paid
eng-001:INV-7142,invoice,eng-001,INV-7142,VEN-1042,2025-09-28T00:00:00Z,4999.99,USD,PO-8744,RCPT-9424,Open
eng-001:INV-7143,invoice,eng-001,INV-7143,VEN-1031,2025-09-17T00:00:00Z,1250.0,USD,PO-8379,RCPT-9455,Open
eng-001:INV-7144,invoice,eng-001,INV-7144,VEN-1023,2025-07-13T00:00:00Z,1250.0,USD,PO-8660,RCPT-9407,Paid
eng-001:INV-7145,invoice,eng-001,INV-7145,VEN-1012,2025-07-16T00:00:00Z,14194.0,USD,PO-8678,RCPT-9654,Open
eng-001:INV-7146,invoice,eng-001,INV-7146,VEN-1003,2025-08-12T00:00:00Z,487.5,USD,,RCPT-9849,Open
eng-001:INV-7147,invoice,eng-001,INV-7147,VEN-1037,2025-07-28T00:00:00Z,13621.0,USD,PO-8792,RCPT-9922,Open
eng-001:INV-7148,invoice,eng-001,INV-7148,VEN-1017,2025-07-19T00:00:00Z,5050.0,USD,PO-8178,RCPT-9887,Open
eng-001:INV-7149,invoice,eng-001,INV-7149,VEN-1008,2025-07-02T00:00:00Z,6169.0,USD,,RCPT-9016,Open
eng-001:INV-7150,invoice,eng-001,INV-7150,VEN-1016,2025-07-07T00:00:00Z,9900.0,USD,PO-8116,,Paid
eng-001:INV-7151,invoice,eng-001,INV-7151,VEN-1028,2025-08-16T00:00:00Z,5050.0,USD,PO-8515,RCPT-9629,Open
eng-001:INV-7152,invoice,eng-001,INV-7152,VEN-1046,2025-09-23T00:00:00Z,1250.0,USD,PO-8987,RCPT-9490,Paid
eng-001:INV-7153,invoice,eng-001,INV-7153,VEN-1027,2025-09-26T00:00:00Z,4999.99,USD,PO-8454,RCPT-9082,Paid
eng-001:INV-7154,invoice,eng-001,INV-7154,VEN-1038,2025-07-19T00:00:00Z,487.5,USD,PO-8648,RCPT-9729,Paid
eng-001:INV-7155,invoice,eng-001,INV-7155,VEN-1024,2025-09-15T00:00:00Z,1250.0,USD,PO-8619,RCPT-9812,Open
eng-001:INV-7156,invoice,eng-001,INV-7156,VEN-1041,2025-09-22T00:00:00Z,14680.0,USD,PO-8886,RCPT-9462,Open
eng-001:INV-7157,invoice,eng-001,INV-7157,VEN-1026,2025-08-13T00:00:00Z,4999.99,USD,PO-8747,RCPT-9437,Paid
eng-001:INV-7158,invoice,eng-001,INV-7158,VEN-1042,2025-08-02T00:00:00Z,487.5,USD,PO-8485,RCPT-9851,Open
eng-001:INV-7159,invoice,eng-001,INV-7159,VEN-1005,2025-08-25T00:00:00Z,9900.0,USD,PO-8831,RCPT-9061,Paid
eng-001:INV-7160,invoice,eng-001,INV-7160,VEN-1042,2025-07-16T00:00:00Z,1250.0,USD,,,Paid
eng-001:INV-7161,invoice,eng-001,INV-7161,VEN-1046,2025-07-07T00:00:00Z,5050.0,USD,PO-8106,RCPT-9217,Open
eng-001:INV-7162,invoice,eng-001,INV-7162,VEN-1042,2025-08-31T00:00:00Z,3974.0,USD,PO-8865,RCPT-9117,Paid
eng-001:INV-7163,invoice,eng-001,INV-7163,VEN-1036,2025-07-29T00:00:00Z,4999.99,USD,,,Open
eng-001:INV-7164,invoice,eng-001,INV-7164,VEN-1038,2025-09-23T00:00:00Z,9900.0,USD,PO-8184,RCPT-9780,Paid
eng-001:INV-7165,invoice,eng-001,INV-7165,VEN-1021,2025-08-14T00:00:00Z,487.5,USD,,RCPT-9410,Open
eng-001:INV-7166,invoice,eng-001,INV-7166,VEN-1009,2025-09-20T00:00:00Z,199.99,USD,PO-8220,RCPT-9464,Paid
eng-001:INV-7167,invoice,eng-001,INV-7167,VEN-1010,2025-08-17T00:00:00Z,9900.0,USD,PO-8964,RCPT-9086,Open
eng-001:INV-7168,invoice,eng-001,INV-7168,VEN-1009,2025-07-21T00:00:00Z,5050.0,USD,PO-8083,RCPT-9677,Paid
eng-001:INV-7169,invoice,eng-001,INV-7169,VEN-1031,2025-09-16T00:00:00Z,4999.99,USD,PO-8773,RCPT-9353,Paid
eng-001:INV-7170,invoice,eng-001,INV-7170,VEN-1007,2025-08-06T00:00:00Z,9900.0,USD,PO-8539,RCPT-9046,Open
eng-001:INV-7171,invoice,eng-001,INV-7171,VEN-1025,2025-09-15T00:00:00Z,199.99,USD,PO-8968,RCPT-9140,Paid
eng-001:INV-7172,invoice,eng-001,INV-7172,VEN-1018,2025-08-11T00:00:00Z,199.99,USD,PO-8440,RCPT-9389,Open
eng-001:INV-7173,invoice,eng-001,INV-7173,VEN-1032,2025-09-10T00:00:00Z,9900.0,USD,,RCPT-9882,Open
eng-001:INV-7174,invoice,eng-001,INV-7174,VEN-1027,2025-07-03T00:00:00Z,199.99,USD,,RCPT-9587,Paid
eng-001:INV-7175,invoice,eng-001,INV-7175,VEN-1045,2025-09-20T00:00:00Z,1250.0,USD,PO-8021,,Open
eng-001:INV-7176,invoice,eng-001,INV-7176,VEN-1039,2025-08-28T00:00:00Z,9900.0,USD,,RCPT-9864,Open
eng-001:INV-7177,invoice,eng-001,INV-7177,VEN-1015,2025-08-25T00:00:00Z,4999.99,USD,PO-8405,,Paid
eng-001:INV-7178,invoice,eng-001,INV-7178,VEN-1014,2025-08-12T00:00:00Z,487.5,USD,PO-8648,RCPT-9522,Open
eng-001:INV-7179,invoice,eng-001,INV-7179,VEN-1049,2025-08-14T00:00:00Z,9900.0,USD,,RCPT-9151,Open
eng-001:INV-7180,invoice,eng-001,INV-7180,VEN-1006,2025-07-19T00:00:00Z,487.5,USD,PO-8156,,Open
eng-001:INV-7181,invoice,eng-001,INV-7181,VEN-1011,2025-09-19T00:00:00Z,4999.99,USD,,,Paid
eng-001:INV-7182,invoice,eng-001,INV-7182,VEN-1043,2025-09-11T00:00:00Z,9900.0,USD,,RCPT-9994,Paid
eng-001:INV-7183,invoice,eng-001,INV-7183,VEN-1009,2025-08-26T00:00:00Z,4999.99,USD,PO-8310,,Open
eng-001:INV-7184,invoice,eng-001,INV-7184,VEN-1022,2025-09-03T00:00:00Z,1250.0,USD,PO-8038,RCPT-9851,Paid
eng-001:INV-7185,invoice,eng-001,INV-7185,VEN-1004,2025-09-21T00:00:00Z,14459.0,USD,PO-8608,RCPT-9473,Open
eng-001:INV-7186,invoice,eng-001,INV-7186,VEN-1028,2025-09-12T00:00:00Z,487.5,USD,PO-8487,RCPT-9980,Open
eng-001:INV-7187,invoice,eng-001,INV-7187,VEN-1028,2025-07-14T00:00:00Z,13586.0,USD,PO-8731,RCPT-9661,Open
eng-001:INV-7188,invoice,eng-001,INV-7188,VEN-1002,2025-08-01T00:00:00Z,4999.99,USD,,RCPT-9624,Open
eng-001:INV-7189,invoice,eng-001,INV-7189,VEN-1023,2025-08-17T00:00:00Z,4999.99,USD,PO-8346,RCPT-9053,Paid
eng-001:INV-7190,invoice,eng-001,INV-7190,VEN-1004,2025-08-12T00:00:00Z,5050.0,USD,PO-8290,RCPT-9872,Open
eng-001:INV-7191,invoice,eng-001,INV-7191,VEN-1021,2025-07-11T00:00:00Z,9900.0,USD,PO-8358,RCPT-9671,Paid
eng-001:INV-7192,invoice,eng-001,INV-7192,VEN-1008,2025-09-15T00:00:00Z,199.99,USD,PO-8385,RCPT-9336,Open
eng-001:INV-7193,invoice,eng-001,INV-7193,VEN-1042,2025-09-28T00:00:00Z,9900.0,USD,,,Open
eng-001:INV-7194,invoice,eng-001,INV-7194,VEN-1041,2025-09-24T00:00:00Z,5050.0,USD,PO-8371,RCPT-9973,Open
eng-001:INV-7195,invoice,eng-001,INV-7195,VEN-1021,2025-09-01T00:00:00Z,487.5,USD,,RCPT-9302,Open
eng-001:INV-7196,invoice,eng-001,INV-7196,VEN-1032,2025-09-08T00:00:00Z,9900.0,USD,,RCPT-9344,Open
eng-001:INV-7197,invoice,eng-001,INV-7197,VEN-1038,2025-08-18T00:00:00Z,487.5,USD,PO-8709,,Open
eng-001:INV-7198,invoice,eng-001,INV-7198,VEN-1046,2025-08-26T00:00:00Z,4999.99,USD,PO-8736,RCPT-9454,Paid
eng-001:INV-7199,invoice,eng-001,INV-7199,VEN-1048,2025-08-27T00:00:00Z,5050.0,USD,PO-8988,,Paid
eng-001:INV-7200,invoice,eng-001,INV-7200,VEN-1012,2025-08-17T00:00:00Z,5050.0,USD,,RCPT-9288,Paid
eng-001:INV-7201,invoice,eng-001,INV-7201,VEN-1032,2025-09-06T00:00:00Z,487.5,USD,,,Open
eng-001:INV-7202,invoice,eng-001,INV-7202,VEN-1016,2025-07-07T00:00:00Z,4999.99,USD,,RCPT-9105,Open
eng-001:INV-7203,invoice,eng-001,INV-7203,VEN-1018,2025-07-11T00:00:00Z,487.5,USD,PO-8927,RCPT-9850,Paid
eng-001:INV-7204,invoice,eng-001,INV-7204,VEN-1005,2025-07-29T00:00:00Z,4999.99,USD,,,Paid
eng-001:INV-7205,invoice,eng-001,INV-7205,VEN-1003,2025-08-20T00:00:00Z,1250.0,USD,PO-8083,RCPT-9028,Paid
eng-001:INV-7206,invoice,eng-001,INV-7206,VEN-1006,2025-09-30T00:00:00Z,1250.0,USD,,RCPT-9293,Paid
eng-001:INV-7207,invoice,eng-001,INV-7207,VEN-1044,2025-07-18T00:00:00Z,9900.0,USD,PO-8630,RCPT-9081,Open
eng-001:INV-7208,invoice,eng-001,INV-7208,VEN-1016,2025-07-28T00:00:00Z,487.5,USD,PO-8744,RCPT-9433,Open
eng-001:INV-7209,invoice,eng-001,INV-7209,VEN-1049,2025-08-06T00:00:00Z,1250.0,USD,PO-8244,RCPT-9812,Paid
eng-001:INV-7210,invoice,eng-001,INV-7210,VEN-1004,2025-07-15T00:00:00Z,4999.99,USD,PO-8016,RCPT-9588,Open
eng-001:INV-7211,invoice,eng-001,INV-7211,VEN-1045,2025-07-19T00:00:00Z,4999.99,USD,PO-8361,RCPT-9426,Open
eng-001:INV-7212,invoice,eng-001,INV-7212,VEN-1042,2025-09-24T00:00:00Z,5050.0,USD,,RCPT-9538,Open
eng-001:INV-7213,invoice,eng-001,INV-7213,VEN-1024,2025-08-30T00:00:00Z,9900.0,USD,PO-8382,RCPT-9016,Paid
eng-001:INV-7214,invoice,eng-001,INV-7214,VEN-1004,2025-08-14T00:00:00Z,9900.0,USD,PO-8106,,Paid
eng-001:INV-7215,invoice,eng-001,INV-7215,VEN-1008,2025-07-06T00:00:00Z,5050.0,USD,PO-8658,RCPT-9797,Paid
eng-001:INV-7216,invoice,eng-001,INV-7216,VEN-1044,2025-08-31T00:00:00Z,487.5,USD,,RCPT-9794,Paid
eng-001:INV-7217,invoice,eng-001,INV-7217,VEN-1002,2025-08-07T00:00:00Z,199.99,USD,,,Paid
eng-001:INV-7218,invoice,eng-001,INV-7218,VEN-1019,2025-09-04T00:00:00Z,6824.0,USD,PO-8259,RCPT-9662,Open
eng-001:INV-7219,invoice,eng-001,INV-7219,VEN-1018,2025-08-15T00:00:00Z,14425.0,USD,PO-8671,RCPT-9127,Paid
eng-001:INV-7220,invoice,eng-001,INV-7220,VEN-1027,2025-08-21T00:00:00Z,4999.99,USD,,RCPT-9997,Open
eng-001:INV-7221,invoice,eng-001,INV-7221,VEN-1031,2025-09-27T00:00:00Z,1250.0,USD,,RCPT-9820,Open
eng-001:INV-7222,invoice,eng-001,INV-7222,VEN-1046,2025-08-24T00:00:00Z,4999.99,USD,PO-8842,RCPT-9300,Paid
eng-001:INV-7223,invoice,eng-001,INV-7223,VEN-1006,2025-07-11T00:00:00Z,9900.0,USD,PO-8456,RCPT-9436,Open
eng-001:INV-7224,invoice,eng-001,INV-7224,VEN-1044,2025-08-26T00:00:00Z,4999.99,USD,PO-8890,,Paid
eng-001:INV-7225,invoice,eng-001,INV-7225,VEN-1017,2025-09-20T00:00:00Z,199.99,USD,PO-8652,RCPT-9525,Open
eng-001:INV-7226,invoice,eng-001,INV-7226,VEN-1001,2025-07-19T00:00:00Z,5050.0,USD,PO-8448,RCPT-9068,Open
eng-001:INV-7227,invoice,eng-001,INV-7227,VEN-1049,2025-09-21T00:00:00Z,1250.0,USD,PO-8580,RCPT-9157,Paid
eng-001:INV-7228,invoice,eng-001,INV-7228,VEN-1023,2025-08-17T00:00:00Z,7573.0,USD,PO-8140,RCPT-9407,Paid
eng-001:INV-7229,invoice,eng-001,INV-7229,VEN-1041,2025-08-05T00:00:00Z,199.99,USD,PO-8190,RCPT-9396,Open
eng-001:INV-7230,invoice,eng-001,INV-7230,VEN-1016,2025-08-03T00:00:00Z,4999.99,USD,PO-8626,RCPT-9938,Paid
eng-001:INV-7231,invoice,eng-001,INV-7231,VEN-1012,2025-07-16T00:00:00Z,2523.0,USD,PO-8176,,Paid
eng-001:INV-7232,invoice,eng-001,INV-7232,VEN-1005,2025-09-26T00:00:00Z,1250.0,USD,PO-8726,RCPT-9555,Paid
eng-001:INV-7233,invoice,eng-001,INV-7233,VEN-1019,2025-07-21T00:00:00Z,9900.0,USD,,RCPT-9812,Paid
eng-001:INV-7234,invoice,eng-001,INV-7234,VEN-1032,2025-07-29T00:00:00Z,487.5,USD,,RCPT-9505,Open
eng-001:INV-7235,invoice,eng-001,INV-7235,VEN-1023,2025-09-09T00:00:00Z,1250.0,USD,PO-8564,RCPT-9905,Open
eng-001:INV-7236,invoice,eng-001,INV-7236,VEN-1004,2025-08-09T00:00:00Z,9900.0,USD,PO-8538,RCPT-9419,Open
eng-001:INV-7237,invoice,eng-001,INV-7237,VEN-1008,2025-08-10T00:00:00Z,199.99,USD,PO-8696,RCPT-9131,Open
eng-001:INV-7238,invoice,eng-001,INV-7238,VEN-1049,2025-07-17T00:00:00Z,5050.0,USD,,RCPT-9127,Open
eng-001:INV-7239,invoice,eng-001,INV-7239,VEN-1019,2025-07-22T00:00:00Z,1250.0,USD,,RCPT-9970,Paid
eng-001:INV-7240,invoice,eng-001,INV-7240,VEN-1005,2025-08-02T00:00:00Z,9900.0,USD,,RCPT-9640,Paid
eng-001:INV-7241,invoice,eng-001,INV-7241,VEN-1039,2025-09-07T00:00:00Z,5050.0,USD,PO-8606,,Open
eng-001:INV-7242,invoice,eng-001,INV-7242,VEN-1010,2025-09-23T00:00:00Z,9900.0,USD,,RCPT-9946,Open
eng-001:INV-7243,invoice,eng-001,INV-7243,VEN-1001,2025-07-11T00:00:00Z,9900.0,USD,,RCPT-9215,Paid
eng-001:INV-7244,invoice,eng-001,INV-7244,VEN-1039,2025-09-20T00:00:00Z,4999.99,USD,,RCPT-9657,Paid
eng-001:INV-7245,invoice,eng-001,INV-7245,VEN-1030,2025-08-01T00:00:00Z,13484.0,USD,PO-8304,RCPT-9705,Open
eng-001:INV-7246,invoice,eng-001,INV-7246,VEN-1010,2025-08-26T00:00:00Z,4999.99,USD,PO-8348,RCPT-9320,Paid
eng-001:INV-7247,invoice,eng-001,INV-7247,VEN-1046,2025-08-14T00:00:00Z,487.5,USD,,RCPT-9108,Paid
eng-001:INV-7248,invoice,eng-001,INV-7248,VEN-1015,2025-08-29T00:00:00Z,1250.0,USD,PO-8144,RCPT-9297,Paid
eng-001:INV-7249,invoice,eng-001,INV-7249,VEN-1039,2025-08-23T00:00:00Z,4367.0,USD,,,Paid
eng-001:INV-7250,invoice,eng-001,INV-7250,VEN-1012,2025-07-21T00:00:00Z,5050.0,USD,PO-8900,RCPT-9023,Open
eng-001:INV-7251,invoice,eng-001,INV-7251,VEN-1025,2025-09-03T00:00:00Z,487.5,USD,PO-8361,RCPT-9288,Paid
eng-001:INV-7252,invoice,eng-001,INV-7252,VEN-1038,2025-09-22T00:00:00Z,4999.99,USD,PO-8008,,Paid
eng-001:INV-7253,invoice,eng-001,INV-7253,VEN-1008,2025-08-03T00:00:00Z,1250.0,USD,,RCPT-9410,Open
eng-001:INV-7254,invoice,eng-001,INV-7254,VEN-1036,2025-09-10T00:00:00Z,1250.0,USD,PO-8075,RCPT-9461,Paid
eng-001:INV-7255,invoice,eng-001,INV-7255,VEN-1039,2025-09-26T00:00:00Z,199.99,USD,PO-8099,RCPT-9813,Paid
eng-001:INV-7256,invoice,eng-001,INV-7256,VEN-1035,2025-08-16T00:00:00Z,487.5,USD,PO-8521,RCPT-9041,Open
eng-001:INV-7257,invoice,eng-001,INV-7257,VEN-1002,2025-07-18T00:00:00Z,1250.0,USD,,RCPT-9152,Open
eng-001:INV-7258,invoice,eng-001,INV-7258,VEN-1020,2025-09-17T00:00:00Z,487.5,USD,PO-8631,,Paid
eng-001:INV-7259,invoice,eng-001,INV-7259,VEN-1037,2025-08-13T00:00:00Z,8611.0,USD,PO-8501,,Paid
eng-001:INV-7260,invoice,eng-001,INV-7260,VEN-1030,2025-07-03T00:00:00Z,1250.0,USD,PO-8426,RCPT-9815,Open
eng-001:INV-7261,invoice,eng-001,INV-7261,VEN-1038,2025-08-30T00:00:00Z,9900.0,USD,,,Open
eng-001:INV-7262,invoice,eng-001,INV-7262,VEN-1046,2025-07-07T00:00:00Z,4999.99,USD,PO-8644,,Paid
eng-001:INV-7263,invoice,eng-001,INV-7263,VEN-1009,2025-09-26T00:00:00Z,199.99,USD,PO-8717,RCPT-9019,Paid
eng-001:INV-7264,invoice,eng-001,INV-7264,VEN-1020,2025-08-23T00:00:00Z,4999.99,USD,PO-8420,RCPT-9626,Paid
eng-001:INV-7265,invoice,eng-001,INV-7265,VEN-1047,2025-07-08T00:00:00Z,487.5,USD,PO-8574,RCPT-9678,Paid
eng-001:INV-7266,invoice,eng-001,INV-7266,VEN-1033,2025-08-18T00:00:00Z,487.5,USD,PO-8545,RCPT-9362,Paid
eng-001:INV-7267,invoice,eng-001,INV-7267,VEN-1039,2025-08-31T00:00:00Z,487.5,USD,PO-8305,RCPT-9996,Paid
eng-001:INV-7268,invoice,eng-001,INV-7268,VEN-1049,2025-08-06T00:00:00Z,487.5,USD,PO-8500,RCPT-9357,Paid
eng-001:INV-7269,invoice,eng-001,INV-7269,VEN-1018,2025-07-16T00:00:00Z,9900.0,USD,PO-8917,,Paid
eng-001:INV-7270,invoice,eng-001,INV-7270,VEN-1049,2025-07-19T00:00:00Z,199.99,USD,PO-8731,RCPT-9946,Paid
eng-001:INV-7271,invoice,eng-001,INV-7271,VEN-1041,2025-08-02T00:00:00Z,4999.99,USD,PO-8847,RCPT-9955,Paid
eng-001:INV-7272,invoice,eng-001,INV-7272,VEN-1008,2025-07-14T00:00:00Z,9900.0,USD,PO-8248,RCPT-9926,Open
eng-001:INV-7273,invoice,eng-001,INV-7273,VEN-1040,2025-07-30T00:00:00Z,199.99,USD,PO-8734,RCPT-9697,Open
eng-001:INV-7274,invoice,eng-001,INV-7274,VEN-1000,2025-09-09T00:00:00Z,4999.99,USD,PO-8901,,Paid
eng-001:INV-7275,invoice,eng-001,INV-7275,VEN-1041,2025-07-26T00:00:00Z,1250.0,USD,PO-8661,RCPT-9787,Open
eng-001:INV-7276,invoice,eng-001,INV-7276,VEN-1041,2025-09-12T00:00:00Z,5050.0,USD,PO-8870,,Open
eng-001:INV-7277,invoice,eng-001,INV-7277,VEN-1026,2025-07-23T00:00:00Z,895.0,USD,PO-8507,RCPT-9766,Paid
eng-001:INV-7278,invoice,eng-001,INV-7278,VEN-1002,2025-07-02T00:00:00Z,5050.0,USD,PO-8950,,Paid
eng-001:INV-7279,invoice,eng-001,INV-7279,VEN-1029,2025-09-21T00:00:00Z,5050.0,USD,PO-8961,RCPT-9516,Paid
eng-001:INV-7280,invoice,eng-001,INV-7280,VEN-1017,2025-07-25T00:00:00Z,199.99,USD,PO-8748,RCPT-9263,Open
eng-001:INV-7281,invoice,eng-001,INV-7281,VEN-1000,2025-08-13T00:00:00Z,1250.0,USD,PO-8775,RCPT-9625,Paid
eng-001:INV-7282,invoice,eng-001,INV-7282,VEN-1027,2025-09-04T00:00:00Z,199.99,USD,PO-8097,RCPT-9143,Paid
eng-001:INV-7283,invoice,eng-001,INV-7283,VEN-1020,2025-08-01T00:00:00Z,1250.0,USD,PO-8457,,Paid
eng-001:INV-7284,invoice,eng-001,INV-7284,VEN-1019,2025-09-13T00:00:00Z,5050.0,USD,PO-8669,RCPT-9241,Open
eng-001:INV-7285,invoice,eng-001,INV-7285,VEN-1042,2025-07-16T00:00:00Z,1250.0,USD,PO-8702,RCPT-9916,Paid
eng-001:INV-7286,invoice,eng-001,INV-7286,VEN-1044,2025-07-16T00:00:00Z,1250.0,USD,PO-8226,RCPT-9136,Paid
eng-001:INV-7287,invoice,eng-001,INV-7287,VEN-1009,2025-08-28T00:00:00Z,5050.0,USD,PO-8718,RCPT-9482,Open
eng-001:INV-7288,invoice,eng-001,INV-7288,VEN-1048,2025-08-01T00:00:00Z,11446.0,USD,PO-8806,RCPT-9457,Paid
eng-001:INV-7289,invoice,eng-001,INV-7289,VEN-1004,2025-09-11T00:00:00Z,199.99,USD,,,Open
eng-001:INV-7290,invoice,eng-001,INV-7290,VEN-1036,2025-09-07T00:00:00Z,487.5,USD,PO-8532,RCPT-9696,Open
eng-001:INV-7291,invoice,eng-001,INV-7291,VEN-1045,2025-09-13T00:00:00Z,199.99,USD,,RCPT-9056,Paid
eng-001:INV-7292,invoice,eng-001,INV-7292,VEN-1008,2025-09-04T00:00:00Z,4999.99,USD,PO-8572,RCPT-9826,Paid
eng-001:INV-7293,invoice,eng-001,INV-7293,VEN-1046,2025-07-03T00:00:00Z,1250.0,USD,,,Open
eng-001:INV-7294,invoice,eng-001,INV-7294,VEN-1002,2025-08-24T00:00:00Z,9900.0,USD,PO-8061,,Open
eng-001:INV-7295,invoice,eng-001,INV-7295,VEN-1030,2025-07-05T00:00:00Z,4999.99,USD,PO-8138,,Paid
eng-001:INV-7296,invoice,eng-001,INV-7296,VEN-1023,2025-08-18T00:00:00Z,7648.0,USD,,RCPT-9082,Open
eng-001:INV-7297,invoice,eng-001,INV-7297,VEN-1041,2025-08-14T00:00:00Z,487.5,USD,,RCPT-9130,Open
eng-001:INV-7298,invoice,eng-001,INV-7298,VEN-1000,2025-07-03T00:00:00Z,4999.99,USD,PO-8557,RCPT-9388,Open
eng-001:INV-7299,invoice,eng-001,INV-7299,VEN-1015,2025-08-28T00:00:00Z,487.5,USD,PO-8959,,Open
eng-001:INV-7300,invoice,eng-001,INV-7300,VEN-1002,2025-09-23T00:00:00Z,5050.0,USD,,,Open
eng-001:INV-7301,invoice,eng-001,INV-7301,VEN-1015,2025-07-27T00:00:00Z,199.99,USD,PO-8457,RCPT-9720,Open
eng-001:INV-7302,invoice,eng-001,INV-7302,VEN-1015,2025-07-06T00:00:00Z,4999.99,USD,PO-8222,,Open
eng-001:INV-7303,invoice,eng-001,INV-7303,VEN-1008,2025-09-03T00:00:00Z,487.5,USD,,,Paid
eng-001:INV-7304,invoice,eng-001,INV-7304,VEN-1036,2025-09-15T00:00:00Z,9900.0,USD,,RCPT-9897,Open
eng-001:INV-7305,invoice,eng-001,INV-7305,VEN-1042,2025-09-05T00:00:00Z,4999.99,USD,PO-8062,RCPT-9605,Open
eng-001:INV-7306,invoice,eng-001,INV-7306,VEN-1040,2025-09-25T00:00:00Z,5050.0,USD,PO-8995,RCPT-9658,Paid
eng-001:INV-7307,invoice,eng-001,INV-7307,VEN-1033,2025-08-10T00:00:00Z,4999.99,USD,PO-8307,RCPT-9772,Paid
eng-001:INV-7308,invoice,eng-001,INV-7308,VEN-1015,2025-07-29T00:00:00Z,5227.0,USD,PO-8825,RCPT-9059,Paid
eng-001:INV-7309,invoice,eng-001,INV-7309,VEN-1026,2025-09-10T00:00:00Z,487.5,USD,PO-8261,RCPT-9662,Open
eng-001:INV-7310,invoice,eng-001,INV-7310,VEN-1028,2025-08-17T00:00:00Z,5050.0,USD,PO-8195,RCPT-9386,Open
eng-001:INV-7311,invoice,eng-001,INV-7311,VEN-1004,2025-07-25T00:00:00Z,13483.0,USD,PO-8687,RCPT-9490,Open
eng-001:INV-7312,invoice,eng-001,INV-7312,VEN-1021,2025-08-08T00:00:00Z,487.5,USD,,,Open
eng-001:INV-7313,invoice,eng-001,INV-7313,VEN-1047,2025-08-31T00:00:00Z,9900.0,USD,PO-8209,RCPT-9245,Paid
eng-001:INV-7314,invoice,eng-001,INV-7314,VEN-1049,2025-08-06T00:00:00Z,4999.99,USD,PO-8367,RCPT-9368,Paid
eng-001:INV-7315,invoice,eng-001,INV-7315,VEN-1029,2025-07-13T00:00:00Z,9900.0,USD,PO-8859,RCPT-9208,Paid
eng-001:INV-7316,invoice,eng-001,INV-7316,VEN-1020,2025-08-22T00:00:00Z,5050.0,USD,,,Open
eng-001:INV-7317,invoice,eng-001,INV-7317,VEN-1016,2025-09-09T00:00:00Z,5050.0,USD,PO-8302,RCPT-9337,Open
eng-001:INV-7318,invoice,eng-001,INV-7318,VEN-1024,2025-09-11T00:00:00Z,487.5,USD,PO-8670,,Paid
eng-001:INV-7319,invoice,eng-001,INV-7319,VEN-1016,2025-09-01T00:00:00Z,9900.0,USD,PO-8471,RCPT-9814,Paid
eng-001:INV-7320,invoice,eng-001,INV-7320,VEN-1010,2025-07-18T00:00:00Z,5050.0,USD,PO-8938,,Open
eng-001:INV-7321,invoice,eng-001,INV-7321,VEN-1033,2025-07-05T00:00:00Z,14047.0,USD,PO-8837,RCPT-9782,Open
eng-001:INV-7322,invoice,eng-001,INV-7322,VEN-1026,2025-07-18T00:00:00Z,9900.0,USD,PO-8724,RCPT-9223,Paid
eng-001:INV-7323,invoice,eng-001,INV-7323,VEN-1023,2025-07-08T00:00:00Z,9900.0,USD,PO-8631,,Paid
eng-001:INV-7324,invoice,eng-001,INV-7324,VEN-1001,2025-07-01T00:00:00Z,5050.0,USD,PO-8017,RCPT-9281,Paid
eng-001:INV-7325,invoice,eng-001,INV-7325,VEN-1001,2025-09-03T00:00:00Z,9900.0,USD,PO-8825,,Open
eng-001:INV-7326,invoice,eng-001,INV-7326,VEN-1006,2025-07-13T00:00:00Z,487.5,USD,PO-8634,RCPT-9834,Paid
eng-001:INV-7327,invoice,eng-001,INV-7327,VEN-1017,2025-08-20T00:00:00Z,1250.0,USD,,RCPT-9249,Open
eng-001:INV-7328,invoice,eng-001,INV-7328,VEN-1019,2025-09-26T00:00:00Z,13866.0,USD,PO-8878,RCPT-9032,Open
eng-001:INV-7329,invoice,eng-001,INV-7329,VEN-1025,2025-08-18T00:00:00Z,5050.0,USD,PO-8652,RCPT-9175,Open
eng-001:INV-7330,invoice,eng-001,INV-7330,VEN-1031,2025-08-25T00:00:00Z,10866.0,USD,PO-8878,,Open
eng-001:INV-7331,invoice,eng-001,INV-7331,VEN-1014,2025-07-28T00:00:00Z,9900.0,USD,,RCPT-9047,Open
eng-001:INV-7332,invoice,eng-001,INV-7332,VEN-1043,2025-08-05T00:00:00Z,5050.0,USD,PO-8183,,Paid
eng-001:INV-7333,invoice,eng-001,INV-7333,VEN-1001,2025-07-27T00:00:00Z,487.5,USD,,,Paid
eng-001:INV-7334,invoice,eng-001,INV-7334,VEN-1004,2025-08-08T00:00:00Z,5050.0,USD,PO-8854,,Paid
eng-001:INV-7335,invoice,eng-001,INV-7335,VEN-1024,2025-07-18T00:00:00Z,9900.0,USD,PO-8512,,Paid
eng-001:INV-7336,invoice,eng-001,INV-7336,VEN-1003,2025-07-13T00:00:00Z,487.5,USD,,RCPT-9787,Paid
eng-001:INV-7337,invoice,eng-001,INV-7337,VEN-1049,2025-08-11T00:00:00Z,9900.0,USD,PO-8461,RCPT-9364,Paid
eng-001:INV-7338,invoice,eng-001,INV-7338,VEN-1027,2025-07-24T00:00:00Z,5050.0,USD,PO-8087,,Paid
eng-001:INV-7339,invoice,eng-001,INV-7339,VEN-1015,2025-09-30T00:00:00Z,199.99,USD,PO-8389,,Open
eng-001:INV-7340,invoice,eng-001,INV-7340,VEN-1047,2025-08-19T00:00:00Z,1250.0,USD,PO-8005,,Paid
eng-001:INV-7341,invoice,eng-001,INV-7341,VEN-1023,2025-08-04T00:00:00Z,487.5,USD,PO-8441,RCPT-9568,Paid
eng-001:INV-7342,invoice,eng-001,INV-7342,VEN-1006,2025-07-04T00:00:00Z,1250.0,USD,PO-8611,RCPT-9332,Paid
eng-001:INV-7343,invoice,eng-001,INV-7343,VEN-1000,2025-08-07T00:00:00Z,4999.99,USD,,,Open
eng-001:INV-7344,invoice,eng-001,INV-7344,VEN-1036,2025-09-05T00:00:00Z,9900.0,USD,PO-8142,RCPT-9274,Paid
eng-001:INV-7345,invoice,eng-001,INV-7345,VEN-1009,2025-07-09T00:00:00Z,4999.99,USD,PO-8306,RCPT-9078,Paid
eng-001:INV-7346,invoice,eng-001,INV-7346,VEN-1016,2025-08-01T00:00:00Z,9900.0,USD,PO-8631,RCPT-9109,Open
eng-001:INV-7347,invoice,eng-001,INV-7347,VEN-1019,2025-07-01T00:00:00Z,1250.0,USD,,RCPT-9882,Paid
eng-001:INV-7348,invoice,eng-001,INV-7348,VEN-1028,2025-08-12T00:00:00Z,7355.0,USD,,RCPT-9608,Open
eng-001:INV-7349,invoice,eng-001,INV-7349,VEN-1019,2025-08-11T00:00:00Z,9900.0,USD,PO-8321,RCPT-9407,Paid
eng-001:INV-7350,invoice,eng-001,INV-7350,VEN-1018,2025-09-27T00:00:00Z,4999.99,USD,,,Paid
eng-001:INV-7351,invoice,eng-001,INV-7351,VEN-1024,2025-08-05T00:00:00Z,13677.0,USD,PO-8116,,Open
eng-001:INV-7352,invoice,eng-001,INV-7352,VEN-1037,2025-09-08T00:00:00Z,9900.0,USD,,RCPT-9744,Paid
eng-001:INV-7353,invoice,eng-001,INV-7353,VEN-1045,2025-07-27T00:00:00Z,7483.0,USD,PO-8709,RCPT-9868,Paid
eng-001:INV-7354,invoice,eng-001,INV-7354,VEN-1043,2025-09-02T00:00:00Z,9900.0,USD,PO-8258,RCPT-9732,Paid
eng-001:INV-7355,invoice,eng-001,INV-7355,VEN-1024,2025-07-10T00:00:00Z,5050.0,USD,PO-8410,RCPT-9945,Paid
eng-001:INV-7356,invoice,eng-001,INV-7356,VEN-1034,2025-07-05T00:00:00Z,1250.0,USD,PO-8831,RCPT-9653,Open
eng-001:INV-7357,invoice,eng-001,INV-7357,VEN-1006,2025-08-01T00:00:00Z,9900.0,USD,PO-8662,RCPT-9576,Paid
eng-001:INV-7358,invoice,eng-001,INV-7358,VEN-1048,2025-08-12T00:00:00Z,4999.99,USD,PO-8100,RCPT-9522,Open
eng-001:INV-7359,invoice,eng-001,INV-7359,VEN-1028,2025-08-17T00:00:00Z,4999.99,USD,,RCPT-9512,Open
eng-001:INV-7360,invoice,eng-001,INV-7360,VEN-1022,2025-07-04T00:00:00Z,199.99,USD,PO-8942,,Open
eng-001:INV-7361,invoice,eng-001,INV-7361,VEN-1046,2025-07-19T00:00:00Z,1250.0,USD,PO-8803,RCPT-9494,Paid
eng-001:INV-7362,invoice,eng-001,INV-7362,VEN-1030,2025-07-13T00:00:00Z,9900.0,USD,PO-8326,RCPT-9045,Open
eng-001:INV-7363,invoice,eng-001,INV-7363,VEN-1001,2025-08-13T00:00:00Z,199.99,USD,PO-8168,,Open
eng-001:INV-7364,invoice,eng-001,INV-7364,VEN-1033,2025-07-23T00:00:00Z,487.5,USD,PO-8436,,Open
eng-001:INV-7365,invoice,eng-001,INV-7365,VEN-1025,2025-09-19T00:00:00Z,487.5,USD,PO-8442,RCPT-9755,Open
eng-001:INV-7366,invoice,eng-001,INV-7366,VEN-1028,2025-09-14T00:00:00Z,4999.99,USD,PO-8219,RCPT-9770,Open
eng-001:INV-7367,invoice,eng-001,INV-7367,VEN-1036,2025-07-14T00:00:00Z,13399.0,USD,PO-8374,RCPT-9468,Open
eng-001:INV-7368,invoice,eng-001,INV-7368,VEN-1016,2025-09-24T00:00:00Z,4999.99,USD,PO-8654,RCPT-9397,Paid
eng-001:INV-7369,invoice,eng-001,INV-7369,VEN-1037,2025-07-15T00:00:00Z,1250.0,USD,,RCPT-9833,Paid
eng-001:INV-7370,invoice,eng-001,INV-7370,VEN-1039,2025-09-14T00:00:00Z,9900.0,USD,PO-8120,RCPT-9119,Open
eng-001:INV-7371,invoice,eng-001,INV-7371,VEN-1023,2025-09-27T00:00:00Z,5050.0,USD,PO-8610,RCPT-9392,Paid
eng-001:INV-7372,invoice,eng-001,INV-7372,VEN-1011,2025-09-01T00:00:00Z,5050.0,USD,PO-8660,,Open
eng-001:INV-7373,invoice,eng-001,INV-7373,VEN-1035,2025-07-22T00:00:00Z,1250.0,USD,PO-8322,,Open
eng-001:INV-7374,invoice,eng-001,INV-7374,VEN-1022,2025-07-02T00:00:00Z,487.5,USD,PO-8393,,Paid
eng-001:INV-7375,invoice,eng-001,INV-7375,VEN-1026,2025-09-26T00:00:00Z,4999.99,USD,PO-8454,RCPT-9084,Open
eng-001:INV-7376,invoice,eng-001,INV-7376,VEN-1048,2025-07-29T00:00:00Z,199.99,USD,PO-8550,RCPT-9799,Paid
eng-001:INV-7377,invoice,eng-001,INV-7377,VEN-1036,2025-09-02T00:00:00Z,5050.0,USD,PO-8116,RCPT-9556,Paid
eng-001:INV-7378,invoice,eng-001,INV-7378,VEN-1034,2025-07-06T00:00:00Z,9900.0,USD,PO-8223,,Open
eng-001:INV-7379,invoice,eng-001,INV-7379,VEN-1047,2025-09-22T00:00:00Z,487.5,USD,PO-8033,RCPT-9356,Open
eng-001:INV-7380,invoice,eng-001,INV-7380,VEN-1028,2025-07-16T00:00:00Z,13007.0,USD,PO-8830,,Paid
eng-001:INV-7381,invoice,eng-001,INV-7381,VEN-1045,2025-09-17T00:00:00Z,4999.99,USD,PO-8142,,Open
eng-001:INV-7382,invoice,eng-001,INV-7382,VEN-1003,2025-09-11T00:00:00Z,5050.0,USD,PO-8551,RCPT-9720,Paid
eng-001:INV-7383,invoice,eng-001,INV-7383,VEN-1018,2025-09-12T00:00:00Z,4680.0,USD,PO-8921,RCPT-9097,Open
eng-001:INV-7384,invoice,eng-001,INV-7384,VEN-1048,2025-08-22T00:00:00Z,1250.0,USD,,RCPT-9886,Open
eng-001:INV-7385,invoice,eng-001,INV-7385,VEN-1015,2025-07-19T00:00:00Z,1250.0,USD,,,Paid
eng-001:INV-7386,invoice,eng-001,INV-7386,VEN-1031,2025-07-19T00:00:00Z,9900.0,USD,PO-8424,RCPT-9077,Open
eng-001:INV-7387,invoice,eng-001,INV-7387,VEN-1025,2025-09-04T00:00:00Z,1250.0,USD,PO-8898,RCPT-9973,Paid
eng-001:INV-7388,invoice,eng-001,INV-7388,VEN-1020,2025-09-13T00:00:00Z,340.0,USD,,,Paid
eng-001:INV-7389,invoice,eng-001,INV-7389,VEN-1040,2025-09-24T00:00:00Z,1250.0,USD,,,Paid
eng-001:INV-7390,invoice,eng-001,INV-7390,VEN-1013,2025-08-24T00:00:00Z,487.5,USD,PO-8330,,Paid
eng-001:INV-7391,invoice,eng-001,INV-7391,VEN-1035,2025-09-12T00:00:00Z,5050.0,USD,,,Open
eng-001:INV-7392,invoice,eng-001,INV-7392,VEN-1002,2025-07-13T00:00:00Z,10559.0,USD,,RCPT-9951,Open
eng-001:INV-7393,invoice,eng-001,INV-7393,VEN-1028,2025-08-28T00:00:00Z,4999.99,USD,PO-8705,,Paid
eng-001:INV-7394,invoice,eng-001,INV-7394,VEN-1010,2025-08-05T00:00:00Z,9900.0,USD,PO-8084,RCPT-9925,Open
eng-001:INV-7395,invoice,eng-001,INV-7395,VEN-1003,2025-08-20T00:00:00Z,1250.0,USD,PO-8773,RCPT-9671,Open
eng-001:INV-7396,invoice,eng-001,INV-7396,VEN-1045,2025-07-13T00:00:00Z,487.5,USD,PO-8135,RCPT-9531,Paid
eng-001:INV-7397,invoice,eng-001,INV-7397,VEN-1000,2025-07-02T00:00:00Z,1250.0,USD,,,Paid
eng-001:INV-7398,invoice,eng-001,INV-7398,VEN-1044,2025-07-17T00:00:00Z,199.99,USD,PO-8091,,Open
eng-001:INV-7399,invoice,eng-001,INV-7399,VEN-1006,2025-08-10T00:00:00Z,1250.0,USD,PO-8792,,Open
