id,type,engagement_id,vendor_id,name,risk_tier,created_at,bank_account_hash
eng-001:VEN-1000,vendor,eng-001,VEN-1000,Acme Supply Co,High,2024-11-15,ba_46048
eng-001:VEN-1001,vendor,eng-001,VEN-1001,Northwind Parts,Low,2024-11-15,ba_28289
eng-001:VEN-1002,vendor,eng-001,VEN-1002,Acme Supply Co,High,2024-11-15,ba_81482
eng-001:VEN-1003,vendor,eng-001,VEN-1003,Acme Supply Co,High,2024-11-15,ba_65302
eng-001:VEN-1004,vendor,eng-001,VEN-1004,Acme Supply Co,Low,2024-11-15,ba_22280
eng-001:VEN-1005,vendor,eng-001,VEN-1005,Northwind Parts,Low,2024-11-15,ba_76237
eng-001:VEN-1006,vendor,eng-001,VEN-1006,Contoso Industrial,Low,2024-11-15,ba_83563
eng-001:VEN-1007,vendor,eng-001,VEN-1007,Northwind Parts,High,2024-11-15,ba_95181
eng-001:VEN-1008,vendor,eng-001,VEN-1008,Contoso Industrial,Medium,2024-11-15,ba_38893
eng-001:VEN-1009,vendor,eng-001,VEN-1009,Woodgrove Logistics,High,2024-11-15,ba_46463
eng-001:VEN-1010,vendor,eng-001,VEN-1010,Acme Supply Co,Low,2024-11-15,ba_65392
eng-001:VEN-1011,vendor,eng-001,VEN-1011,Fabrikam Services,Medium,2024-11-15,ba_30379
eng-001:VEN-1012,vendor,eng-001,VEN-1012,Northwind Parts,Medium,2024-11-15,ba_23396
eng-001:VEN-1013,vendor,eng-001,VEN-1013,Acme Supply Co,Medium,2024-11-15,ba_22676
eng-001:VEN-1014,vendor,eng-001,VEN-1014,Fabrikam Services,Medium,2024-11-15,ba_89131
eng-001:VEN-1015,vendor,eng-001,VEN-1015,Fabrikam Services,Low,2024-11-15,ba_70217
eng-001:VEN-1016,vendor,eng-001,VEN-1016,Contoso Industrial,Low,2024-11-15,ba_59615
eng-001:VEN-1017,vendor,eng-001,VEN-1017,Acme Supply Co,High,2024-11-15,ba_48427
eng-001:VEN-1018,vendor,eng-001,VEN-1018,Contoso Industrial,Medium,2024-11-15,ba_85674
eng-001:VEN-1019,vendor,eng-001,VEN-1019,Northwind Parts,High,2024-11-15,ba_19116
eng-001:VEN-1020,vendor,eng-001,VEN-1020,Acme Supply Co,High,2024-11-15,ba_39871
eng-001:VEN-1021,vendor,eng-001,VEN-1021,Fabrikam Services,Low,2024-11-15,ba_40512
eng-001:VEN-1022,vendor,eng-001,VEN-1022,Acme Supply Co,Medium,2024-11-15,ba_46434
eng-001:VEN-1023,vendor,eng-001,VEN-1023,Woodgrove Logistics,High,2024-11-15,ba_57819
eng-001:VEN-1024,vendor,eng-001,VEN-1024,Northwind Parts,Medium,2024-11-15,ba_56566
eng-001:VEN-1025,vendor,eng-001,VEN-1025,Northwind Parts,High,2024-11-15,ba_44993
eng-001:VEN-1026,vendor,eng-001,VEN-1026,Acme Supply Co,High,2024-11-15,ba_93227
eng-001:VEN-1027,vendor,eng-001,VEN-1027,Northwind Parts,High,2024-11-15,ba_42087
eng-001:VEN-1028,vendor,eng-001,VEN-1028,Northwind Parts,Medium,2024-11-15,ba_59735
eng-001:VEN-1029,vendor,eng-001,VEN-1029,Fabrikam Services,High,2024-11-15,ba_83000
eng-001:VEN-1030,vendor,eng-001,VEN-1030,Northwind Parts,High,2024-11-15,ba_52504
eng-001:VEN-1031,vendor,eng-001,VEN-1031,Acme Supply Co,Low,2024-11-15,ba_14207
eng-001:VEN-1032,vendor,eng-001,VEN-1032,Fabrikam Services,Medium,2024-11-15,ba_45093
eng-001:VEN-1033,vendor,eng-001,VEN-1033,Acme Supply Co,Low,2024-11-15,ba_84341
eng-001:VEN-1034,vendor,eng-001,VEN-1034,Fabrikam Services,Low,2024-11-15,ba_95909
eng-001:VEN-1035,vendor,eng-001,VEN-1035,Woodgrove Logistics,Medium,2024-11-15,ba_94259
eng-001:VEN-1036,vendor,eng-001,VEN-1036,Woodgrove Logistics,Low,2024-11-15,ba_44718
eng-001:VEN-1037,vendor,eng-001,VEN-1037,Northwind Parts,Low,2024-11-15,ba_83579
eng-001:VEN-1038,vendor,eng-001,VEN-1038,Contoso Industrial,Medium,2024-11-15,ba_86622
eng-001:VEN-1039,vendor,eng-001,VEN-1039,Woodgrove Logistics,High,2024-11-15,ba_62350
eng-001:VEN-1040,vendor,eng-001,VEN-1040,Fabrikam Services,Low,2024-11-15,ba_28131
eng-001:VEN-1041,vendor,eng-001,VEN-1041,Contoso Industrial,Medium,2024-11-15,ba_21915
eng-001:VEN-1042,vendor,eng-001,VEN-1042,Acme Supply Co,Low,2024-11-15,ba_30033
eng-001:VEN-1043,vendor,eng-001,VEN-1043,Northwind Parts,High,2024-11-15,ba_65333
eng-001:VEN-1044,vendor,eng-001,VEN-1044,Contoso Industrial,Low,2024-11-15,ba_60432
eng-001:VEN-1045,vendor,eng-001,VEN-1045,Woodgrove Logistics,High,2024-11-15,ba_71348
eng-001:VEN-1046,vendor,eng-001,VEN-1046,Contoso Industrial,Medium,2024-11-15,ba_82512
eng-001:VEN-1047,vendor,eng-001,VEN-1047,Acme Supply Co,High,2024-11-15,ba_25014
eng-001:VEN-1048,vendor,eng-001,VEN-1048,Contoso Industrial,Medium,2024-11-15,ba_94012
eng-001:VEN-1049,vendor,eng-001,VEN-1049,Fabrikam Services,Low,2024-11-15,ba_48469
